<?xml version="1.0" encoding="UTF-8"?><rss version="2.0"
	xmlns:content="http://purl.org/rss/1.0/modules/content/"
	xmlns:wfw="http://wellformedweb.org/CommentAPI/"
	xmlns:dc="http://purl.org/dc/elements/1.1/"
	xmlns:atom="http://www.w3.org/2005/Atom"
	xmlns:sy="http://purl.org/rss/1.0/modules/syndication/"
	xmlns:slash="http://purl.org/rss/1.0/modules/slash/"
	>

<channel>
	<title>Spring Collecton &#8211; Bloom Box</title>
	<atom:link href="./index.html" rel="self" type="application/rss+xml" />
	<link>./../../../index.html</link>
	<description>Elevate Your Décor with Luxurious Floral Accents</description>
	<lastBuildDate>Sat, 03 Jun 2023 05:46:40 +0000</lastBuildDate>
	<language>en-US</language>
	<sy:updatePeriod>
	hourly	</sy:updatePeriod>
	<sy:updateFrequency>
	1	</sy:updateFrequency>
	<generator>https://wordpress.org/?v=6.2.2</generator>

<image>
	<url>./../../../wp-content/uploads/2023/06/Asset-1.png</url>
	<title>Spring Collecton &#8211; Bloom Box</title>
	<link>./../../../index.html</link>
	<width>32</width>
	<height>32</height>
</image> 
	<item>
		<title>Blooming Bliss</title>
		<link>./../../../product/blooming-bliss/index.html</link>
					<comments>./../../../product/blooming-bliss/index.html#respond</comments>
		
		<dc:creator><![CDATA[Administrator]]></dc:creator>
		<pubDate>Sat, 03 Jun 2023 05:46:33 +0000</pubDate>
				<guid isPermaLink="false">./../../../index.html?post_type=product#038;p=445</guid>

					<description><![CDATA[Embrace the beauty of springtime with this enchanting bouquet of blooming flowers.]]></description>
										<content:encoded><![CDATA[<p>Embrace the beauty of springtime with this enchanting bouquet of blooming flowers.</p>
]]></content:encoded>
					
					<wfw:commentRss>./../../../product/blooming-bliss/feed/index.html</wfw:commentRss>
			<slash:comments>0</slash:comments>
		
		
			</item>
		<item>
		<title>Petal Perfection</title>
		<link>./../../../product/petal-perfection/index.html</link>
					<comments>./../../../product/petal-perfection/index.html#respond</comments>
		
		<dc:creator><![CDATA[Administrator]]></dc:creator>
		<pubDate>Sat, 03 Jun 2023 05:46:33 +0000</pubDate>
				<guid isPermaLink="false">./../../../index.html?post_type=product#038;p=446</guid>

					<description><![CDATA[Experience the perfection of nature's petals with this delicate and elegant bouquet.]]></description>
										<content:encoded><![CDATA[<p>Experience the perfection of nature&#8217;s petals with this delicate and elegant bouquet.</p>
]]></content:encoded>
					
					<wfw:commentRss>./../../../product/petal-perfection/feed/index.html</wfw:commentRss>
			<slash:comments>0</slash:comments>
		
		
			</item>
		<item>
		<title>Garden Whispers</title>
		<link>./../../../product/garden-whispers/index.html</link>
					<comments>./../../../product/garden-whispers/index.html#respond</comments>
		
		<dc:creator><![CDATA[Administrator]]></dc:creator>
		<pubDate>Sat, 03 Jun 2023 05:46:33 +0000</pubDate>
				<guid isPermaLink="false">./../../../index.html?post_type=product#038;p=447</guid>

					<description><![CDATA[Hear the gentle whispers of the garden with this bouquet, featuring soft and graceful blooms.]]></description>
										<content:encoded><![CDATA[<p>Hear the gentle whispers of the garden with this bouquet, featuring soft and graceful blooms.</p>
]]></content:encoded>
					
					<wfw:commentRss>./../../../product/garden-whispers/feed/index.html</wfw:commentRss>
			<slash:comments>0</slash:comments>
		
		
			</item>
		<item>
		<title>Fresh Blossoms</title>
		<link>./../../../product/fresh-blossoms/index.html</link>
					<comments>./../../../product/fresh-blossoms/index.html#respond</comments>
		
		<dc:creator><![CDATA[Administrator]]></dc:creator>
		<pubDate>Sat, 03 Jun 2023 05:46:33 +0000</pubDate>
				<guid isPermaLink="false">./../../../index.html?post_type=product#038;p=448</guid>

					<description><![CDATA[Celebrate the season of new beginnings with this bouquet, showcasing fresh and vibrant blossoms.]]></description>
										<content:encoded><![CDATA[<p>Celebrate the season of new beginnings with this bouquet, showcasing fresh and vibrant blossoms.</p>
]]></content:encoded>
					
					<wfw:commentRss>./../../../product/fresh-blossoms/feed/index.html</wfw:commentRss>
			<slash:comments>0</slash:comments>
		
		
			</item>
		<item>
		<title>Pastel Radiance</title>
		<link>./../../../product/pastel-radiance/index.html</link>
					<comments>./../../../product/pastel-radiance/index.html#respond</comments>
		
		<dc:creator><![CDATA[Administrator]]></dc:creator>
		<pubDate>Sat, 03 Jun 2023 05:46:33 +0000</pubDate>
				<guid isPermaLink="false">./../../../index.html?post_type=product#038;p=449</guid>

					<description><![CDATA[Delight in the gentle and soothing radiance of pastel blooms with this serene bouquet.]]></description>
										<content:encoded><![CDATA[<p>Delight in the gentle and soothing radiance of pastel blooms with this serene bouquet.</p>
]]></content:encoded>
					
					<wfw:commentRss>./../../../product/pastel-radiance/feed/index.html</wfw:commentRss>
			<slash:comments>0</slash:comments>
		
		
			</item>
		<item>
		<title>Dried Floral Bouquet</title>
		<link>./../../../product/dried-floral-bouquet/index.html</link>
					<comments>./../../../product/dried-floral-bouquet/index.html#respond</comments>
		
		<dc:creator><![CDATA[Administrator]]></dc:creator>
		<pubDate>Fri, 02 Jun 2023 12:12:12 +0000</pubDate>
				<guid isPermaLink="false">./../../../index.html?post_type=product#038;p=284</guid>

					<description><![CDATA[Dried Floral Bouquet from our Captivating Collection. Celebrate the season of renewal with our exquisite dried floral bouquet. Each carefully preserved bloom captures the essence of spring, adding a touch of nature's elegance to any space. Embrace the lasting beauty and delicate charm of our spring-inspired collection]]></description>
										<content:encoded><![CDATA[<p>Dried Floral Bouquet from our Captivating Collection. Celebrate the season of renewal with our exquisite dried floral bouquet. Each carefully preserved bloom captures the essence of spring, adding a touch of nature&#8217;s elegance to any space. Embrace the lasting beauty and delicate charm of our spring-inspired collection</p>
]]></content:encoded>
					
					<wfw:commentRss>./../../../product/dried-floral-bouquet/feed/index.html</wfw:commentRss>
			<slash:comments>0</slash:comments>
		
		
			</item>
		<item>
		<title>Sweet &#038; Pretty Bouquet</title>
		<link>./../../../product/sweet-pretty-bouquet/index.html</link>
					<comments>./../../../product/sweet-pretty-bouquet/index.html#respond</comments>
		
		<dc:creator><![CDATA[Administrator]]></dc:creator>
		<pubDate>Fri, 02 Jun 2023 11:50:00 +0000</pubDate>
				<guid isPermaLink="false">./../../../index.html?post_type=product#038;p=281</guid>

					<description><![CDATA[Delicate blooms intricately arranged to create a captivating display of beauty and elegance. This enchanting bouquet is designed to bring joy and a touch of sweetness to any recipient. Perfect for birthdays, anniversaries, or simply brightening someone's day with a heartfelt surprise.]]></description>
										<content:encoded><![CDATA[<p>Delicate blooms intricately arranged to create a captivating display of beauty and elegance. This enchanting bouquet is designed to bring joy and a touch of sweetness to any recipient. Perfect for birthdays, anniversaries, or simply brightening someone&#8217;s day with a heartfelt surprise.</p>
]]></content:encoded>
					
					<wfw:commentRss>./../../../product/sweet-pretty-bouquet/feed/index.html</wfw:commentRss>
			<slash:comments>0</slash:comments>
		
		
			</item>
	</channel>
</rss>
