<?xml version="1.0" encoding="UTF-8"?><rss version="2.0"
	xmlns:content="http://purl.org/rss/1.0/modules/content/"
	xmlns:wfw="http://wellformedweb.org/CommentAPI/"
	xmlns:dc="http://purl.org/dc/elements/1.1/"
	xmlns:atom="http://www.w3.org/2005/Atom"
	xmlns:sy="http://purl.org/rss/1.0/modules/syndication/"
	xmlns:slash="http://purl.org/rss/1.0/modules/slash/"
	>

<channel>
	<title>Uncategorized &#8211; Bloom Box</title>
	<atom:link href="./index.html" rel="self" type="application/rss+xml" />
	<link>./../../../index.html</link>
	<description>Elevate Your Décor with Luxurious Floral Accents</description>
	<lastBuildDate>Sat, 03 Jun 2023 03:06:22 +0000</lastBuildDate>
	<language>en-US</language>
	<sy:updatePeriod>
	hourly	</sy:updatePeriod>
	<sy:updateFrequency>
	1	</sy:updateFrequency>
	<generator>https://wordpress.org/?v=6.2.2</generator>

<image>
	<url>./../../../wp-content/uploads/2023/06/Asset-1.png</url>
	<title>Uncategorized &#8211; Bloom Box</title>
	<link>./../../../index.html</link>
	<width>32</width>
	<height>32</height>
</image> 
	<item>
		<title>Hello world!</title>
		<link>./../../../2023/06/02/hello-world/index.html</link>
					<comments>./../../../2023/06/02/hello-world/index.html#comments</comments>
		
		<dc:creator><![CDATA[Administrator]]></dc:creator>
		<pubDate>Fri, 02 Jun 2023 02:59:52 +0000</pubDate>
				<category><![CDATA[Uncategorized]]></category>
		<guid isPermaLink="false">./../../../index.html?p=1</guid>

					<description><![CDATA[Embrace the Journey: Discovering the Beauty of Uncharted Path
]]></description>
										<content:encoded><![CDATA[		<div data-elementor-type="wp-post" data-elementor-id="1" class="elementor elementor-1">
									<section class="elementor-section elementor-top-section elementor-element elementor-element-4357de5e elementor-section-boxed elementor-section-height-default elementor-section-height-default" data-id="4357de5e" data-element_type="section">
						<div class="elementor-container elementor-column-gap-default">
					<div class="elementor-column elementor-col-100 elementor-top-column elementor-element elementor-element-5dbdcc07" data-id="5dbdcc07" data-element_type="column">
			<div class="elementor-widget-wrap elementor-element-populated">
								<div class="elementor-element elementor-element-72090eb2 elementor-widget elementor-widget-text-editor" data-id="72090eb2" data-element_type="widget" data-widget_type="text-editor.default">
				<div class="elementor-widget-container">
			<style>/*! elementor - v3.13.3 - 28-05-2023 */
.elementor-widget-text-editor.elementor-drop-cap-view-stacked .elementor-drop-cap{background-color:#69727d;color:#fff}.elementor-widget-text-editor.elementor-drop-cap-view-framed .elementor-drop-cap{color:#69727d;border:3px solid;background-color:transparent}.elementor-widget-text-editor:not(.elementor-drop-cap-view-default) .elementor-drop-cap{margin-top:8px}.elementor-widget-text-editor:not(.elementor-drop-cap-view-default) .elementor-drop-cap-letter{width:1em;height:1em}.elementor-widget-text-editor .elementor-drop-cap{float:left;text-align:center;line-height:1;font-size:50px}.elementor-widget-text-editor .elementor-drop-cap-letter{display:inline-block}</style>				<!-- wp:paragraph -->
<div class="elementor-element elementor-element-fe4b928 elementor-widget elementor-widget-theme-post-excerpt" data-id="fe4b928" data-element_type="widget" data-widget_type="theme-post-excerpt.default">
<div class="elementor-widget-container">Sed posuere consectetur est at lobortis lorem ipsum nulla vitae elit libero, a pharetra augue. Vestibulum id ligula porta felis euismod semper. Vivamus sagittis lacus vel augue laoreet rutrum faucibus dolor auctor.</div>
</div>
<div class="elementor-element elementor-element-34144b8 elementor-widget elementor-widget-theme-post-content" data-id="34144b8" data-element_type="widget" data-widget_type="theme-post-content.default">
<div class="elementor-widget-container">
<p>Donec ullamcorper nulla non metus auctor fringilla. Fusce dapibus, tellus ac cursus commodo, tortor mauris condimentum nibh, ut fermentum massa justo sit amet risus. Morbi leo risus, porta ac consectetur ac, vestibulum at eros. Nullam quis risus eget urna mollis ornare vel eu leo. Donec ullamcorper nulla non metus auctor fringilla. Lorem ipsum dolor sit amet, consectetur adipiscing elit.</p>
<p>Cras mattis consectetur purus sit amet fermentum. Vestibulum id ligula porta felis euismod semper. Lorem ipsum dolor sit amet, consectetur adipiscing elit. Morbi leo risus, porta ac consectetur ac, vestibulum at eros. Cum sociis natoque penatibus et magnis dis parturient montes, nascetur ridiculus mus. Donec id elit non mi porta gravida at eget metus.</p>
<p>Aenean lacinia bibendum nulla sed consectetur. Cum sociis natoque penatibus et magnis dis parturient montes, nascetur ridiculus mus. Donec sed odio dui. Morbi leo risus, porta ac consectetur ac, vestibulum at eros. Vestibulum id ligula porta felis euismod semper. Cum sociis natoque penatibus et magnis dis parturient montes, nascetur ridiculus mus. Cum sociis natoque penatibus et magnis dis parturient montes, nascetur ridiculus mus.</p>
<p>Proin mollis diam vel molestie dapibus. Ut mauris velit, porta tincidunt diam non, scelerisque tristique ex. Ut ex elit, mattis sit amet quam sit amet, posuere vulputate nisi. Donec pulvinar, velit ac elementum pretium, purus est rutrum turpis, non posuere mauris nisi vitae velit. Proin tellus justo, mollis et blandit ac, bibendum eu metus. Quisque eu est vulputate, lacinia neque ac, interdum turpis. In non ornare elit, quis pharetra libero. Donec sapien turpis, mattis eget magna non, pellentesque placerat neque. Aliquam malesuada, ante eget pellentesque tincidunt, nulla ante placerat nulla, id egestas dui ex in enim. Etiam imperdiet dolor vel massa tempor, ac ullamcorper tellus iaculis. Donec interdum laoreet mollis. Vivamus egestas faucibus sapien vestibulum congue.</p>
</div>
</div>
<!-- /wp:paragraph -->						</div>
				</div>
					</div>
		</div>
							</div>
		</section>
				<section class="elementor-section elementor-top-section elementor-element elementor-element-924330c elementor-section-boxed elementor-section-height-default elementor-section-height-default" data-id="924330c" data-element_type="section" data-settings="{&quot;background_background&quot;:&quot;classic&quot;}">
						<div class="elementor-container elementor-column-gap-default">
					<div class="elementor-column elementor-col-100 elementor-top-column elementor-element elementor-element-f3101e9" data-id="f3101e9" data-element_type="column">
			<div class="elementor-widget-wrap elementor-element-populated">
								<div class="elementor-element elementor-element-7cf527f elementor-drop-cap-yes elementor-drop-cap-view-default elementor-widget elementor-widget-text-editor" data-id="7cf527f" data-element_type="widget" data-settings="{&quot;drop_cap&quot;:&quot;yes&quot;}" data-widget_type="text-editor.default">
				<div class="elementor-widget-container">
							<p>Maecenas iaculis pharetra nunc sit amet malesuada. Nulla facilisi. Fusce molestie at libero at ultricies. Suspendisse iaculis orci quam, at iaculis nisl dapibus eget. Quisque quis aliquet nisl, maximus viverra ligula. Sed erat elit, luctus id pulvinar quis, consectetur vitae ex</p>
<h1><em><strong>Darrel Wilson</strong></em></h1>						</div>
				</div>
					</div>
		</div>
							</div>
		</section>
				<section class="elementor-section elementor-top-section elementor-element elementor-element-4273aa2 elementor-section-boxed elementor-section-height-default elementor-section-height-default" data-id="4273aa2" data-element_type="section">
						<div class="elementor-container elementor-column-gap-default">
					<div class="elementor-column elementor-col-100 elementor-top-column elementor-element elementor-element-dba64f6" data-id="dba64f6" data-element_type="column">
			<div class="elementor-widget-wrap elementor-element-populated">
								<div class="elementor-element elementor-element-2f74bd6 elementor-widget elementor-widget-text-editor" data-id="2f74bd6" data-element_type="widget" data-widget_type="text-editor.default">
				<div class="elementor-widget-container">
							<p><!-- wp:paragraph --></p>
<div class="elementor-element elementor-element-fe4b928 elementor-widget elementor-widget-theme-post-excerpt" data-id="fe4b928" data-element_type="widget" data-widget_type="theme-post-excerpt.default">
<div class="elementor-widget-container"><p style="margin-bottom: 0.9rem; color: rgb(101, 94, 94); font-family: &quot;DM Sans&quot;, sans-serif; font-size: 16px; font-style: normal; font-weight: 400;">Proin interdum massa eget ligula sollicitudin, in viverra nunc condimentum. Sed porttitor luctus metus, nec egestas sapien ornare eu. Nam et quam non ante interdum molestie. Aenean sed pulvinar justo. Aenean sit amet consectetur eros. Praesent a arcu justo. Mauris tempor ante vel facilisis maximus. Vestibulum ante ipsum primis in faucibus orci luctus et ultrices posuere cubilia curae; Vivamus nec nibh ut augue tempus cursus vitae ut ipsum.</p><p style="margin-bottom: 0.9rem; color: rgb(101, 94, 94); font-family: &quot;DM Sans&quot;, sans-serif; font-size: 16px; font-style: normal; font-weight: 400;">Nullam consequat eros at sapien volutpat fringilla. Nunc non magna odio. Suspendisse lobortis felis eu odio placerat venenatis in sit amet urna. Nulla vitae erat nunc. Nulla id massa eget purus gravida tristique. Ut semper tellus dictum sapien fringilla placerat. Cras feugiat rhoncus velit eu ullamcorper. Maecenas mattis posuere est, eget semper urna tincidunt nec. Integer finibus mi nec lacus ullamcorper cursus. Orci varius natoque penatibus et magnis dis parturient montes, nascetur ridiculus mus. Vivamus sem orci, gravida nec faucibus at, fringilla vitae sem. Phasellus non lacus consequat, dignissim ante sit amet, dignissim ex. Duis iaculis vel ante eu sagittis.</p><p style="margin-bottom: 0.9rem; color: rgb(101, 94, 94); font-family: &quot;DM Sans&quot;, sans-serif; font-size: 16px; font-style: normal; font-weight: 400;">Nunc convallis lorem vitae dapibus dignissim. Maecenas id dignissim eros, ac pulvinar eros. Curabitur maximus dolor et lacus facilisis malesuada. Duis tincidunt accumsan enim et euismod.</p><p style="margin-bottom: 0.9rem; color: rgb(101, 94, 94); font-family: &quot;DM Sans&quot;, sans-serif; font-size: 16px; font-style: normal; font-weight: 400;">Nam vestibulum dignissim malesuada. Nam orci elit, cursus eu nulla at, mollis malesuada diam. Sed aliquet mi at nibh sagittis fermentum at sit amet magna. Nunc maximus euismod neque non posuere. Sed tortor elit, bibendum et dignissim eu, lobortis sit amet ligula. Donec eget enim tincidunt, accumsan mi et, finibus est. Nullam fermentum nibh vel erat auctor, in porta nisi dapibus. Nulla et nibh ut enim mattis laoreet. Nulla feugiat eu lorem et pulvinar. Pellentesque sollicitudin est felis, eu hendrerit velit fermentum et. Pellentesque suscipit sagittis felis vitae sodales.</p></div></div><div class="elementor-element elementor-element-34144b8 elementor-widget elementor-widget-theme-post-content" data-id="34144b8" data-element_type="widget" data-widget_type="theme-post-content.default"><div class="elementor-widget-container">
</div>
</div>
<p><!-- /wp:paragraph --></p>						</div>
				</div>
					</div>
		</div>
							</div>
		</section>
							</div>
		]]></content:encoded>
					
					<wfw:commentRss>./../../../2023/06/02/hello-world/feed/index.html</wfw:commentRss>
			<slash:comments>1</slash:comments>
		
		
			</item>
	</channel>
</rss>
