<?xml version="1.0" encoding="UTF-8"?><rss version="2.0"
	xmlns:content="http://purl.org/rss/1.0/modules/content/"
	xmlns:wfw="http://wellformedweb.org/CommentAPI/"
	xmlns:dc="http://purl.org/dc/elements/1.1/"
	xmlns:atom="http://www.w3.org/2005/Atom"
	xmlns:sy="http://purl.org/rss/1.0/modules/syndication/"
	xmlns:slash="http://purl.org/rss/1.0/modules/slash/"
	>

<channel>
	<title>Shop &#8211; Bloom Box</title>
	<atom:link href="./index.html" rel="self" type="application/rss+xml" />
	<link>./../../index.html</link>
	<description>Elevate Your Décor with Luxurious Floral Accents</description>
	<lastBuildDate>Sat, 03 Jun 2023 05:46:43 +0000</lastBuildDate>
	<language>en-US</language>
	<sy:updatePeriod>
	hourly	</sy:updatePeriod>
	<sy:updateFrequency>
	1	</sy:updateFrequency>
	<generator>https://wordpress.org/?v=6.2.2</generator>

<image>
	<url>./../../wp-content/uploads/2023/06/Asset-1.png</url>
	<title>Shop &#8211; Bloom Box</title>
	<link>./../../index.html</link>
	<width>32</width>
	<height>32</height>
</image> 
	<item>
		<title>Icy Enchantment</title>
		<link>./../../product/icy-enchantment/index.html</link>
					<comments>./../../product/icy-enchantment/index.html#respond</comments>
		
		<dc:creator><![CDATA[Administrator]]></dc:creator>
		<pubDate>Sat, 03 Jun 2023 05:46:33 +0000</pubDate>
				<guid isPermaLink="false">./../../index.html?post_type=product#038;p=454</guid>

					<description><![CDATA[Behold the captivating allure of winter with this bouquet inspired by icy landscapes.]]></description>
										<content:encoded><![CDATA[<p>Behold the captivating allure of winter with this bouquet inspired by icy landscapes.</p>
]]></content:encoded>
					
					<wfw:commentRss>./../../product/icy-enchantment/feed/index.html</wfw:commentRss>
			<slash:comments>0</slash:comments>
		
		
			</item>
		<item>
		<title>Cozy Fireside</title>
		<link>./../../product/cozy-fireside/index.html</link>
					<comments>./../../product/cozy-fireside/index.html#respond</comments>
		
		<dc:creator><![CDATA[Administrator]]></dc:creator>
		<pubDate>Sat, 03 Jun 2023 05:46:33 +0000</pubDate>
				<guid isPermaLink="false">./../../index.html?post_type=product#038;p=453</guid>

					<description><![CDATA[Warm up the winter nights with this bouquet, evoking the cozy charm of a fire.]]></description>
										<content:encoded><![CDATA[<p>Warm up the winter nights with this bouquet, evoking the cozy charm of a fire.</p>
]]></content:encoded>
					
					<wfw:commentRss>./../../product/cozy-fireside/feed/index.html</wfw:commentRss>
			<slash:comments>0</slash:comments>
		
		
			</item>
		<item>
		<title>Snowflake Serenade</title>
		<link>./../../product/snowflake-serenade/index.html</link>
					<comments>./../../product/snowflake-serenade/index.html#respond</comments>
		
		<dc:creator><![CDATA[Administrator]]></dc:creator>
		<pubDate>Sat, 03 Jun 2023 05:46:33 +0000</pubDate>
				<guid isPermaLink="false">./../../index.html?post_type=product#038;p=452</guid>

					<description><![CDATA[Experience the delicate serenade of snowflakes with this captivating bouquet.]]></description>
										<content:encoded><![CDATA[<p>Experience the delicate serenade of snowflakes with this captivating bouquet.</p>
]]></content:encoded>
					
					<wfw:commentRss>./../../product/snowflake-serenade/feed/index.html</wfw:commentRss>
			<slash:comments>0</slash:comments>
		
		
			</item>
		<item>
		<title>Frosty Elegance</title>
		<link>./../../product/frosty-elegance/index.html</link>
					<comments>./../../product/frosty-elegance/index.html#respond</comments>
		
		<dc:creator><![CDATA[Administrator]]></dc:creator>
		<pubDate>Sat, 03 Jun 2023 05:46:33 +0000</pubDate>
				<guid isPermaLink="false">./../../index.html?post_type=product#038;p=450</guid>

					<description><![CDATA[Embrace the enchanting beauty of winter with this elegantly crafted bouquet.]]></description>
										<content:encoded><![CDATA[<p>Embrace the enchanting beauty of winter with this elegantly crafted bouquet.</p>
]]></content:encoded>
					
					<wfw:commentRss>./../../product/frosty-elegance/feed/index.html</wfw:commentRss>
			<slash:comments>0</slash:comments>
		
		
			</item>
		<item>
		<title>Pastel Radiance</title>
		<link>./../../product/pastel-radiance/index.html</link>
					<comments>./../../product/pastel-radiance/index.html#respond</comments>
		
		<dc:creator><![CDATA[Administrator]]></dc:creator>
		<pubDate>Sat, 03 Jun 2023 05:46:33 +0000</pubDate>
				<guid isPermaLink="false">./../../index.html?post_type=product#038;p=449</guid>

					<description><![CDATA[Delight in the gentle and soothing radiance of pastel blooms with this serene bouquet.]]></description>
										<content:encoded><![CDATA[<p>Delight in the gentle and soothing radiance of pastel blooms with this serene bouquet.</p>
]]></content:encoded>
					
					<wfw:commentRss>./../../product/pastel-radiance/feed/index.html</wfw:commentRss>
			<slash:comments>0</slash:comments>
		
		
			</item>
		<item>
		<title>Fresh Blossoms</title>
		<link>./../../product/fresh-blossoms/index.html</link>
					<comments>./../../product/fresh-blossoms/index.html#respond</comments>
		
		<dc:creator><![CDATA[Administrator]]></dc:creator>
		<pubDate>Sat, 03 Jun 2023 05:46:33 +0000</pubDate>
				<guid isPermaLink="false">./../../index.html?post_type=product#038;p=448</guid>

					<description><![CDATA[Celebrate the season of new beginnings with this bouquet, showcasing fresh and vibrant blossoms.]]></description>
										<content:encoded><![CDATA[<p>Celebrate the season of new beginnings with this bouquet, showcasing fresh and vibrant blossoms.</p>
]]></content:encoded>
					
					<wfw:commentRss>./../../product/fresh-blossoms/feed/index.html</wfw:commentRss>
			<slash:comments>0</slash:comments>
		
		
			</item>
		<item>
		<title>Garden Whispers</title>
		<link>./../../product/garden-whispers/index.html</link>
					<comments>./../../product/garden-whispers/index.html#respond</comments>
		
		<dc:creator><![CDATA[Administrator]]></dc:creator>
		<pubDate>Sat, 03 Jun 2023 05:46:33 +0000</pubDate>
				<guid isPermaLink="false">./../../index.html?post_type=product#038;p=447</guid>

					<description><![CDATA[Hear the gentle whispers of the garden with this bouquet, featuring soft and graceful blooms.]]></description>
										<content:encoded><![CDATA[<p>Hear the gentle whispers of the garden with this bouquet, featuring soft and graceful blooms.</p>
]]></content:encoded>
					
					<wfw:commentRss>./../../product/garden-whispers/feed/index.html</wfw:commentRss>
			<slash:comments>0</slash:comments>
		
		
			</item>
		<item>
		<title>Petal Perfection</title>
		<link>./../../product/petal-perfection/index.html</link>
					<comments>./../../product/petal-perfection/index.html#respond</comments>
		
		<dc:creator><![CDATA[Administrator]]></dc:creator>
		<pubDate>Sat, 03 Jun 2023 05:46:33 +0000</pubDate>
				<guid isPermaLink="false">./../../index.html?post_type=product#038;p=446</guid>

					<description><![CDATA[Experience the perfection of nature's petals with this delicate and elegant bouquet.]]></description>
										<content:encoded><![CDATA[<p>Experience the perfection of nature&#8217;s petals with this delicate and elegant bouquet.</p>
]]></content:encoded>
					
					<wfw:commentRss>./../../product/petal-perfection/feed/index.html</wfw:commentRss>
			<slash:comments>0</slash:comments>
		
		
			</item>
		<item>
		<title>Blooming Bliss</title>
		<link>./../../product/blooming-bliss/index.html</link>
					<comments>./../../product/blooming-bliss/index.html#respond</comments>
		
		<dc:creator><![CDATA[Administrator]]></dc:creator>
		<pubDate>Sat, 03 Jun 2023 05:46:33 +0000</pubDate>
				<guid isPermaLink="false">./../../index.html?post_type=product#038;p=445</guid>

					<description><![CDATA[Embrace the beauty of springtime with this enchanting bouquet of blooming flowers.]]></description>
										<content:encoded><![CDATA[<p>Embrace the beauty of springtime with this enchanting bouquet of blooming flowers.</p>
]]></content:encoded>
					
					<wfw:commentRss>./../../product/blooming-bliss/feed/index.html</wfw:commentRss>
			<slash:comments>0</slash:comments>
		
		
			</item>
		<item>
		<title>Citrus Splash</title>
		<link>./../../product/citrus-splash/index.html</link>
					<comments>./../../product/citrus-splash/index.html#respond</comments>
		
		<dc:creator><![CDATA[Administrator]]></dc:creator>
		<pubDate>Sat, 03 Jun 2023 05:46:33 +0000</pubDate>
				<guid isPermaLink="false">./../../index.html?post_type=product#038;p=444</guid>

					<description><![CDATA[Delight your senses with this zesty bouquet, invoking the essence of summer fruits.]]></description>
										<content:encoded><![CDATA[<p>Delight your senses with this zesty bouquet, invoking the essence of summer fruits.</p>
]]></content:encoded>
					
					<wfw:commentRss>./../../product/citrus-splash/feed/index.html</wfw:commentRss>
			<slash:comments>0</slash:comments>
		
		
			</item>
	</channel>
</rss>
