<?xml version="1.0" encoding="UTF-8"?><rss version="2.0"
	xmlns:content="http://purl.org/rss/1.0/modules/content/"
	xmlns:wfw="http://wellformedweb.org/CommentAPI/"
	xmlns:dc="http://purl.org/dc/elements/1.1/"
	xmlns:atom="http://www.w3.org/2005/Atom"
	xmlns:sy="http://purl.org/rss/1.0/modules/syndication/"
	xmlns:slash="http://purl.org/rss/1.0/modules/slash/"
	>

<channel>
	<title>Summer Collection &#8211; Bloom Box</title>
	<atom:link href="./index.html" rel="self" type="application/rss+xml" />
	<link>./../../../index.html</link>
	<description>Elevate Your Décor with Luxurious Floral Accents</description>
	<lastBuildDate>Sat, 03 Jun 2023 05:49:40 +0000</lastBuildDate>
	<language>en-US</language>
	<sy:updatePeriod>
	hourly	</sy:updatePeriod>
	<sy:updateFrequency>
	1	</sy:updateFrequency>
	<generator>https://wordpress.org/?v=6.2.2</generator>

<image>
	<url>./../../../wp-content/uploads/2023/06/Asset-1.png</url>
	<title>Summer Collection &#8211; Bloom Box</title>
	<link>./../../../index.html</link>
	<width>32</width>
	<height>32</height>
</image> 
	<item>
		<title>Citrus Splash</title>
		<link>./../../../product/citrus-splash/index.html</link>
					<comments>./../../../product/citrus-splash/index.html#respond</comments>
		
		<dc:creator><![CDATA[Administrator]]></dc:creator>
		<pubDate>Sat, 03 Jun 2023 05:46:33 +0000</pubDate>
				<guid isPermaLink="false">./../../../index.html?post_type=product#038;p=444</guid>

					<description><![CDATA[Delight your senses with this zesty bouquet, invoking the essence of summer fruits.]]></description>
										<content:encoded><![CDATA[<p>Delight your senses with this zesty bouquet, invoking the essence of summer fruits.</p>
]]></content:encoded>
					
					<wfw:commentRss>./../../../product/citrus-splash/feed/index.html</wfw:commentRss>
			<slash:comments>0</slash:comments>
		
		
			</item>
		<item>
		<title>Sun-Kissed Delight</title>
		<link>./../../../product/sun-kissed-delight/index.html</link>
					<comments>./../../../product/sun-kissed-delight/index.html#respond</comments>
		
		<dc:creator><![CDATA[Administrator]]></dc:creator>
		<pubDate>Sat, 03 Jun 2023 05:46:32 +0000</pubDate>
				<guid isPermaLink="false">./../../../index.html?post_type=product#038;p=440</guid>

					<description><![CDATA[Bask in the warmth of the sun with this vibrant bouquet, radiating joy and energy.]]></description>
										<content:encoded><![CDATA[<p>Bask in the warmth of the sun with this vibrant bouquet, radiating joy and energy.</p>
]]></content:encoded>
					
					<wfw:commentRss>./../../../product/sun-kissed-delight/feed/index.html</wfw:commentRss>
			<slash:comments>0</slash:comments>
		
		
			</item>
		<item>
		<title>Tropical Paradise</title>
		<link>./../../../product/tropical-paradise/index.html</link>
					<comments>./../../../product/tropical-paradise/index.html#respond</comments>
		
		<dc:creator><![CDATA[Administrator]]></dc:creator>
		<pubDate>Sat, 03 Jun 2023 05:46:32 +0000</pubDate>
				<guid isPermaLink="false">./../../../index.html?post_type=product#038;p=441</guid>

					<description><![CDATA[Escape to a tropical oasis with this bouquet, featuring exotic blooms and foliage.]]></description>
										<content:encoded><![CDATA[<p>Escape to a tropical oasis with this bouquet, featuring exotic blooms and foliage.</p>
]]></content:encoded>
					
					<wfw:commentRss>./../../../product/tropical-paradise/feed/index.html</wfw:commentRss>
			<slash:comments>0</slash:comments>
		
		
			</item>
		<item>
		<title>Vibrant Fiesta</title>
		<link>./../../../product/vibrant-fiesta/index.html</link>
					<comments>./../../../product/vibrant-fiesta/index.html#respond</comments>
		
		<dc:creator><![CDATA[Administrator]]></dc:creator>
		<pubDate>Sat, 03 Jun 2023 05:46:32 +0000</pubDate>
				<guid isPermaLink="false">./../../../index.html?post_type=product#038;p=442</guid>

					<description><![CDATA[Celebrate the season with this lively bouquet, bursting with bold and vivid colors.]]></description>
										<content:encoded><![CDATA[<p>Celebrate the season with this lively bouquet, bursting with bold and vivid colors.</p>
]]></content:encoded>
					
					<wfw:commentRss>./../../../product/vibrant-fiesta/feed/index.html</wfw:commentRss>
			<slash:comments>0</slash:comments>
		
		
			</item>
		<item>
		<title>Coastal Breeze</title>
		<link>./../../../product/coastal-breeze/index.html</link>
					<comments>./../../../product/coastal-breeze/index.html#respond</comments>
		
		<dc:creator><![CDATA[Administrator]]></dc:creator>
		<pubDate>Sat, 03 Jun 2023 05:46:32 +0000</pubDate>
				<guid isPermaLink="false">./../../../index.html?post_type=product#038;p=443</guid>

					<description><![CDATA[Experience the refreshing coastal vibes with this bouquet inspired by the sea.]]></description>
										<content:encoded><![CDATA[<p>Experience the refreshing coastal vibes with this bouquet inspired by the sea.</p>
]]></content:encoded>
					
					<wfw:commentRss>./../../../product/coastal-breeze/feed/index.html</wfw:commentRss>
			<slash:comments>0</slash:comments>
		
		
			</item>
		<item>
		<title>Pantone Yellow Wedding Bouquet</title>
		<link>./../../../product/pantone-yellow-wedding-bouquet/index.html</link>
					<comments>./../../../product/pantone-yellow-wedding-bouquet/index.html#respond</comments>
		
		<dc:creator><![CDATA[Administrator]]></dc:creator>
		<pubDate>Fri, 02 Jun 2023 12:16:53 +0000</pubDate>
				<guid isPermaLink="false">./../../../index.html?post_type=product#038;p=287</guid>

					<description><![CDATA[Pantone Yellow Wedding Bouquet from our Summer Collection. Embrace the warmth of summer with this vibrant bouquet, showcasing the brilliance of Pantone Yellow. Handcrafted with exquisite sunflowers and complementing blooms, this bouquet exudes joy and happiness, making it a perfect choice for a sunny and unforgettable wedding celebration.]]></description>
										<content:encoded><![CDATA[<p>Pantone Yellow Wedding Bouquet from our Summer Collection. Embrace the warmth of summer with this vibrant bouquet, showcasing the brilliance of Pantone Yellow. Handcrafted with exquisite sunflowers and complementing blooms, this bouquet exudes joy and happiness, making it a perfect choice for a sunny and unforgettable wedding celebration.</p>
]]></content:encoded>
					
					<wfw:commentRss>./../../../product/pantone-yellow-wedding-bouquet/feed/index.html</wfw:commentRss>
			<slash:comments>0</slash:comments>
		
		
			</item>
		<item>
		<title>Terraine Bouquet</title>
		<link>./../../../product/terraine-bouquet/index.html</link>
					<comments>./../../../product/terraine-bouquet/index.html#respond</comments>
		
		<dc:creator><![CDATA[Administrator]]></dc:creator>
		<pubDate>Fri, 02 Jun 2023 12:14:49 +0000</pubDate>
				<guid isPermaLink="false">./../../../index.html?post_type=product#038;p=285</guid>

					<description><![CDATA[Explore the Essence of Spring with Nature's Finest. Our Terraine Bouquet from the Spring Collection embodies the beauty of blooming landscapes. Featuring an enchanting blend of vibrant blossoms and lush greenery, this captivating arrangement brings the refreshing spirit of spring into your home. Embrace the season's allure with this stunning floral masterpiece.]]></description>
										<content:encoded><![CDATA[<p>Explore the Essence of Spring with Nature&#8217;s Finest. Our Terraine Bouquet from the Spring Collection embodies the beauty of blooming landscapes. Featuring an enchanting blend of vibrant blossoms and lush greenery, this captivating arrangement brings the refreshing spirit of spring into your home. Embrace the season&#8217;s allure with this stunning floral masterpiece.</p>
]]></content:encoded>
					
					<wfw:commentRss>./../../../product/terraine-bouquet/feed/index.html</wfw:commentRss>
			<slash:comments>0</slash:comments>
		
		
			</item>
	</channel>
</rss>
